#Table Data Insert작업

#DEPARTMENT 입력
INSERT INTO DEPARTMENT VALUES 
	(10,'간호학과','Dept. of Nersing','1991-02-01');

INSERT INTO DEPARTMENT VALUES
	(20,'경영학과','Dept. of Management','1992-02-10');

INSERT INTO DEPARTMENT VALUES
	(30,'수학학과','Dept. of Mathematics','1993-02-20');

INSERT INTO DEPARTMENT VALUES
	(40,'컴퓨터정보학과','Dept. of Information Communication','1997-02-10');

INSERT INTO DEPARTMENT VALUES
	(50,'IT융합학과','Dept. of Information Technology Fusion','2019-02-01');

INSERT INTO DEPARTMENT VALUES
	(60,'회계학과','Dept. of Accounting','2019-02-01');




#STUDENT 학생 테이블 입력
INSERT INTO STUDENT VALUES
        ('20141001', '박도상', 'Park Do-Sang', 40, 4, 1, '주', '19960116','1','01066','101동 203호','02','744','6126','010-0611-9884');

INSERT INTO STUDENT VALUES
        ('20161001', '박정인', 'Park Jung-In', 40, 3, 1, '주', '19970403','2','04957','서울특별시 광진구 영화사로16길 구의동 아차산 한라아파트 102동 306호','02','652','2439','010-3142-1294');

INSERT INTO STUDENT VALUES
        ('20181001', '장수인', 'Jang Soo-In', 40, 2, 1 ,'주', '19990209','1','57991','전라남도 순천시 구암3길 22 송보아파트 108동 1101호','061','791','1236',NULL);

INSERT INTO STUDENT VALUES
        ('20181002', '정인정', 'Jung In-Jung', 40, 2, 2, '주', '19990315','2','05270','서울특별시 강동구 동남로71길 한양아파트 6동 1203호','02','723','1078','010-0605-7837');

INSERT INTO STUDENT VALUES
        ('20181003', '이상진', 'Lee Sang-Gin', 40, 2, 1, '주', '19990819','1','17826','경기도 평택시 잔다리1길 신아맨션 107동 504호','031','691','5423',NULL);

INSERT INTO STUDENT VALUES
        ('20181004', '김유미', 'Kim Yoo-Mi', 40, 3, 2, '주', '19990207','2','15348','경기도 안산시 단원구 당곡1로 주공5단지아파트 507동 302호','031','763','1439','010-0617-1290');

INSERT INTO STUDENT VALUES
        ('20191001', '김유신', 'Kim Yoo-Shin', 40, 1, 3, '야', '20001007','3','06034','서울특별시 강남구 압구정로2길 강남상가아파트 109동 1203호','02','685','7818','010-9876-1299');

INSERT INTO STUDENT VALUES
        ('20191002', '홍길동', 'Hong Gil-Dong', 40, 1, 3,'야', '20000402','3','59635','전라남도 여수시 시청로 금호아파트 104동 605호','061','642','4034','010-6425-9245');

INSERT INTO STUDENT VALUES
        ('20191003', '고혜진', 'Ko Hea-Jin', 10, 1, 1,'주', '20000307','4','47783','부산광역시 동래구 안락로 삼성아파트 1011동 102호','051','781','5135',NULL);

INSERT INTO STUDENT VALUES
        ('20191004', '이순신', 'Lee Sun-Shin', 10, 1, 3,'야', '20000222','3','01901','서울특별시 노원구 석계로 현대아파트 2동 1004호','02','745','7667','010-7141-1860');

INSERT INTO STUDENT VALUES
        ('20191005', '김할리', 'Kim Hal-Li', 40, 1, 2,'주', '20010418','5','02463','서울특별시 동대문구 제기로 한신아파트 561동 102호','02','746','5485','010-4624-0460');

INSERT INTO STUDENT VALUES
        ('20191006', '최에스터', 'Choi Esther', 40, 1, 2 ,'주', '20021003','6','03975','서울특별시 마포구 연남로9길 휴먼아파트 101동 540호','02','945','6893',NULL);

INSERT INTO STUDENT VALUES
        ('20191007', '신안나', 'Shin An-Na', 40, 1, 2,'주', '20011214','6','06305','서울특별시 강남구 언주로 개포2차현대아파트 208동 402호','02','745','5485','010-5897-0874');

INSERT INTO STUDENT VALUES
        ('20191008', '연개소문', 'Yean Gae-So-Moon', 40, 1, 3, '야', '20000615','3','48020','부산광역시 해운대구 아랫반송로79번길 정명빌라 2080호','051','632','9306','010-0641-9304');

INSERT INTO STUDENT VALUES
        ('20191009', '유하나', 'Yoo Ha-Na', 50, 1, 1 ,'주', '20000921','4','61053','광주광역시 북구 우치로311번길 청암아파트 204동 512호','062','651','5992','010-0651-0707');


INSERT INTO STUDENT VALUES
        ('20201001', '김영호', 'Kim Young-Ho', 50, 1, 3 ,'야', '20010811','3','61689','광주광역시 남구 봉선중앙로 라인광장아파트 107동 510호','062','652','5598','010-4605-5598');

INSERT INTO STUDENT VALUES
        ('20201002', '강감찬', 'Gang Gam-Chan', 50, 1, 3,'야', '20010312','3','34331','대전광역시 대덕구 덕암북로 금호아파트 103동 505호','042','123','1234','010-1234-4567');

#ATTEND 입력
INSERT INTO ATTEND VALUES
	('20141001','2014',1,3,4001,'4002',3, 99,'Y','1','2014-03-05');

INSERT INTO ATTEND VALUES
	('20141001','2014',1,4,4002,'4003',3, 95,'Y','1','2014-03-05');

INSERT INTO ATTEND VALUES
	('20141001','2014',1,4,4003,'4004',3, 97,'Y','1','2014-03-05');

INSERT INTO ATTEND VALUES
	('20141001','2014',1,4,4004,'4001',3, 98,'Y','1','2014-03-05');

INSERT INTO ATTEND VALUES
	('20141001','2014',1,4,4005,'4007',3, 96,'Y','1','2014-03-05');

INSERT INTO ATTEND VALUES
	('20141001','2014',1,4,4006,'4008',3, 95,'Y','1','2014-03-05');

INSERT INTO ATTEND VALUES
	('20141001','2014',2,3,4007,'4009',3, 93,'Y','1','2014-09-03');

INSERT INTO ATTEND VALUES
	('20141001','2014',2,4,4008,'4005',3, 92,'Y','1','2014-09-03');

INSERT INTO ATTEND VALUES
	('20141001','2014',2,4,4009,'4006',3, 94,'Y','1','2014-09-03');

INSERT INTO ATTEND VALUES
	('20141001','2014',2,4,4010,'4001',3, 90,'Y','1','2014-09-03');

INSERT INTO ATTEND VALUES
	('20141001','2014',2,4,4011,'4002',3, 91,'Y','1','2014-09-03');

INSERT INTO ATTEND VALUES
	('20141001','2014',2,4,4012,'4003',3, 92,'Y','1','2014-09-03');

INSERT INTO ATTEND VALUES
	('20161001','2016',1,3,4001,'4002',3, 99,'Y','1','2016-03-05');

INSERT INTO ATTEND VALUES
	('20161001','2016',1,4,4002,'4003',3, 95,'Y','1','2016-03-05');

INSERT INTO ATTEND VALUES
	('20161001','2016',1,4,4003,'4004',3, 97,'Y','1','2016-03-05');

INSERT INTO ATTEND VALUES
	('20161001','2016',1,4,4004,'4001',3, 98,'Y','1','2016-03-05');

INSERT INTO ATTEND VALUES
	('20161001','2016',1,4,4005,'4007',3, 93,'Y','1','2016-03-05');

INSERT INTO ATTEND VALUES
	('20161001','2016',1,4,4006,'4008',3, 95,'Y','1','2016-03-05');

#SCORE 입력
INSERT INTO SCORE VALUES
	('20141001','2014',1,18,18,4.5,580,'Y','2014-08-10');

INSERT INTO SCORE VALUES
	('20141001','2014',2,18,18,4.0,552,'Y','2015-01-11');

INSERT INTO SCORE VALUES
	('20191001','2019',1,18,18,4.2,572,'Y','2019-08-09');

INSERT INTO SCORE VALUES
	('20191002','2019',1,18,18,4.5,575,'Y','2019-08-09');

INSERT INTO SCORE VALUES
	('20191005','2019',1,18,18,4.4,577,'Y','2019-08-09');

INSERT INTO SCORE VALUES
	('20191006','2019',1,18,18,4.4,579,'Y','2019-08-09');

INSERT INTO SCORE VALUES
	('20191007','2019',2,18,18,0,0,'N','2019-11-10');

INSERT INTO SCORE VALUES
	('20191001','2019',2,18,18,0,0,'N','2019-11-10');

INSERT INTO SCORE VALUES
	('20191002','2019',2,18,18,0,0,'N','2019-11-10');

#FEE 입력
INSERT INTO FEE VALUES
	('20141001','2014',1, 500000,3000000,3500000,01,500000,3000000,'Y','2014-02-18');

INSERT INTO FEE VALUES
	('20141001','2014',2, NULL,3000000,3000000,10,2500000,500000,'Y','2014-08-20');

INSERT INTO FEE VALUES
	('20141001','2015',1, NULL,3000000,3000000,11,2000000,1000000,'Y','2015-02-18');

INSERT INTO FEE VALUES
	('20141001','2015',2, NULL,3000000,3000000,21,800000,2200000,'Y','2015-08-10');

INSERT INTO FEE VALUES
	('20141001','2018',1, 500000,2500000,3000000,02,1000000,2000000,'Y','2018-02-01');

INSERT INTO FEE VALUES
	('20141001','2018',2, NULL,2500000,2500000,10,2500000,0,'Y','2018-08-10');

INSERT INTO FEE VALUES
	('20141001','2019',1, NULL,2800000,2800000,10,2500000,300000,'Y','2019-02-15');

INSERT INTO FEE VALUES
	('20141001','2019',2, NULL,2800000,2800000,10,2500000,300000,'Y','2019-08-16');

INSERT INTO FEE VALUES
	('20161001','2016',1, NULL,3000000,3000000,10,2500000,500000,'Y','2016-02-14');

INSERT INTO FEE VALUES
	('20161001','2016',2, NULL,3000000,3000000,10,2500000,500000,'Y','2016-08-18');

INSERT INTO FEE VALUES
	('20161001','2019',1, NULL,3000000,3000000,11,2000000,1000000,'Y','2019-02-10');

INSERT INTO FEE VALUES
	('20161001','2019',2, NULL,3000000,3000000,10,2500000,500000,'Y','2019-08-19');

INSERT INTO FEE VALUES
	('20191004','2019',1, 500000,3000000,3500000,01,500000,3000000,'Y','2019-02-18');

INSERT INTO FEE VALUES
	('20191004','2019',2, NULL,3000000,3000000,11,2000000,1000000,'Y','2019-08-10');

INSERT INTO FEE VALUES
	('20191005','2019',1, 500000,3000000,3500000,01,500000,3000000,'Y','2019-02-18');

INSERT INTO FEE VALUES
	('20191005','2019',2, NULL,3000000,3000000,NULL,NULL,3000000,'Y','2019-08-10');

INSERT INTO FEE VALUES
	('20191006','2019',1, 500000,3000000,3500000,01,500000,3000000,'Y','2019-02-18');

INSERT INTO FEE VALUES
	('20191006','2019',2, NULL,3000000,3000000,NULL,NULL,3000000,'Y','2019-08-10');

INSERT INTO FEE VALUES
	('20191007','2019',1, 500000,3000000,3500000,01,500000,3000000,'Y','2019-02-18');

INSERT INTO FEE VALUES
	('20191007','2019',2, NULL,3000000,3000000,NULL,NULL,3000000,'Y','2019-08-10');

INSERT INTO FEE VALUES
	('20191008','2019',1, 500000,3000000,3500000,01,500000,3000000,'Y','2019-02-18');

INSERT INTO FEE VALUES
	('20191008','2019',2, NULL,3000000,3000000,NULL,NULL,3000000,'Y','2019-08-10');

INSERT INTO FEE VALUES
	('20201002','2020',1, 500000,3000000,3500000,01,500000,3000000,'Y','2020-02-18');

INSERT INTO FEE VALUES
	('20201002','2020',2, NULL,3000000,3000000,10,2500000,500000,'Y','2020-08-10');


#SUBJECT 입력
INSERT INTO SUBJECT VALUES
        ('4001', '데이터베이스 응용', 'Database Application', '2002');

INSERT INTO SUBJECT VALUES
        ('4002', '웹사이트 구축', 'Web Site Construction', '2003');

INSERT INTO SUBJECT VALUES
        ('4003', '소프트웨어공학', 'Software Engineering', '2003');

INSERT INTO SUBJECT VALUES
        ('4004', '웹프로그래밍', 'Web Programming', '2004');

INSERT INTO SUBJECT VALUES
        ('4005', '컴퓨터구조', 'Computer Structure', '2001');

INSERT INTO SUBJECT VALUES
        ('4006', '정보처리실무', 'Information Process Practical business', '2001');

INSERT INTO SUBJECT VALUES
        ('4007', 'UML', 'Unified Modeling Language', '2005');

INSERT INTO SUBJECT VALUES
        ('4008', '운영체제', 'Operating System', '2002');

INSERT INTO SUBJECT VALUES
        ('4009', '객체지향프로그래밍', 'Object Oriented Programming', '2003');

INSERT INTO SUBJECT VALUES
        ('4010', '윈도우즈 프로그래밍', 'Windows Programming', '2006');

INSERT INTO SUBJECT VALUES
        ('4011', '자바프로그래밍', 'Java Programming', '2006');

INSERT INTO SUBJECT VALUES
        ('4012', '파이썬 프로그래밍', 'Python Programming', '2019');

INSERT INTO SUBJECT VALUES
        ('4013', '스크래치 프로그래밍', 'Scratch Programming', '2019');

#PROFESSOR 입력
INSERT INTO PROFESSOR VALUES
        ('4001','정진용','Jung jin-yong','1995-09-01');
      
INSERT INTO PROFESSOR VALUES
        ('4002','나인섭','Na in-sub','2006-02-02');

INSERT INTO PROFESSOR VALUES
        ('4003','오승재','Oh sung-jae','1993-09-01');

INSERT INTO PROFESSOR VALUES
        ('4004','고진광','Go jin-gwang','1988-03-01');

INSERT INTO PROFESSOR VALUES
        ('4005','정병열','Jung byeong-yeol','1998-03-01');

INSERT INTO PROFESSOR VALUES
        ('4006','박심심','Park sim-sim','2000-01-15');

INSERT INTO PROFESSOR VALUES
        ('4007','김영식','Kim young-sik','2013-03-01');

INSERT INTO PROFESSOR VALUES
        ('4008','최우철','Choi woo-chel','1997-03-01');

INSERT INTO PROFESSOR VALUES
        ('4009','문창우','Moon chang-woo','1995-03-01');

INSERT INTO PROFESSOR VALUES
        ('5010','정종선','Jung jong-sun','1997-03-01');

INSERT INTO PROFESSOR VALUES
        ('5011','최종주','Choi jong-joo','1992-03-05');


#CIRCLE 입력
INSERT INTO CIRCLE VALUES
	(1,'컴맹탈출','20141001','박도상','0');

INSERT INTO CIRCLE VALUES
	(2,'컴맹탈출','20191009','유하나','1');

INSERT INTO CIRCLE VALUES
	(3,'컴맹탈출','20191001','김유신','2');

INSERT INTO CIRCLE VALUES
	(4,'Java길라잡이','20181001','장수인','2');

INSERT INTO CIRCLE VALUES
	(5,'Java길라잡이','20191004','이순신','1');

INSERT INTO CIRCLE VALUES
	(6,'Java길라잡이','20161001','박정인','0');

INSERT INTO CIRCLE VALUES
	(7,'PHP길라잡이','20191002','홍길동','0');

